City_ID,City,Lat,Lng,Max Temp,Humidity,Cloudiness,Wind Speed,Country,Date
0,punta arenas,-53.15,-70.9167,13.06,41,40,6.69,CL,1674397906
1,tanggu,39.0211,117.6469,-1.02,71,68,6.97,CN,1674398076
2,hofn,64.2539,-15.2082,0.01,86,75,12.86,IS,1674398076
3,atuona,-9.8,-139.0333,25.87,79,98,8.57,PF,1674398076
4,bud,39.447,-86.1758,0.01,95,100,1.69,US,1674398077
5,stornoway,58.2093,-6.3865,9.98,89,75,2.06,GB,1674398077
6,santa maria,-29.6842,-53.8069,28.61,65,75,1.54,BR,1674398078
7,new norfolk,-42.7826,147.0587,16.72,76,71,0.24,AU,1674398078
8,lompoc,34.6391,-120.4579,9.4,65,0,10.28,US,1674397943
9,charters towers,-20.1,146.2667,22.8,86,7,3.64,AU,1674398078
10,lasa,46.6166,10.7002,2.42,87,61,1.17,IT,1674398079
11,sistranda,63.7256,8.834,1.98,57,5,5.1,NO,1674398079
12,hilo,19.7297,-155.09,22.38,81,100,2.06,US,1674398080
13,ust-barguzin,53.45,108.9833,-29.93,98,100,3.26,RU,1674398080
14,albany,42.6001,-73.9662,-0.2,80,98,2.64,US,1674397894
15,coahuayana,18.7333,-103.6833,23.21,55,0,0.76,MX,1674398081
16,rikitea,-23.1203,-134.9692,26.3,72,8,7.42,PF,1674398081
17,mount gambier,-37.8333,140.7667,13.23,96,4,3.02,AU,1674397914
18,cape town,-33.9258,18.4232,26.17,51,20,10.29,ZA,1674398055
19,muisne,0.6,-80.0333,25.69,81,85,3.72,EC,1674398082
20,kudahuvadhoo,2.6708,72.8944,27.05,73,22,6.25,MV,1674398082
21,dikson,73.5069,80.5464,-19.51,96,100,12.16,RU,1674398083
22,taltal,-25.4,-70.4833,21.44,71,12,2.47,CL,1674398083
23,souillac,-20.5167,57.5167,27.21,78,75,4.63,MU,1674398083
24,meulaboh,4.1363,96.1285,23.91,90,99,1.38,ID,1674398084
25,kaitangata,-46.2817,169.8464,9.05,79,86,2.66,NZ,1674398084
26,ushuaia,-54.8,-68.3,10.81,50,0,4.12,AR,1674398085
27,yerbogachen,61.2767,108.0108,-40.87,99,99,2.55,RU,1674398085
28,shyryayeve,47.3805,30.1964,5.89,65,33,3.73,UA,1674398086
29,avarua,-21.2078,-159.775,23.03,94,75,1.03,CK,1674398086
30,sao paulo de olivenca,-3.3783,-68.8725,29.84,63,46,1.25,BR,1674398087
31,grindavik,63.8424,-22.4338,0.26,59,75,24.18,IS,1674398087
32,leningradskiy,69.3833,178.4167,-38.05,90,17,1.41,RU,1674398088
33,geraldton,-28.7667,114.6,22.23,78,100,6.17,AU,1674397882
34,abnub,27.2696,31.1511,19.12,28,31,4.41,EG,1674398089
35,bluff,-46.6,168.3333,11.08,62,32,3.59,NZ,1674398090
36,wellington,-41.2866,174.7756,16.99,85,75,5.66,NZ,1674397830
37,narsaq,60.9167,-46.05,-15.88,67,9,4.48,GL,1674398090
38,cookeville,36.1628,-85.5016,5.45,97,100,0.45,US,1674398091
39,baghdad,33.3406,44.4009,15.95,55,0,3.6,IQ,1674397935
40,tevaitoa,-16.7833,-151.5,26.52,71,100,2.79,PF,1674398091
41,norman wells,65.282,-126.8329,-18.98,78,100,0.0,CA,1674398092
42,bereda,43.2686,-7.5406,6.75,79,100,1.99,ES,1674398092
43,cidreira,-30.1811,-50.2056,28.79,61,67,3.81,BR,1674398093
44,puerto ayora,-0.7393,-90.3518,26.98,94,76,1.79,EC,1674398041
45,busselton,-33.65,115.3333,19.34,83,0,5.39,AU,1674397833
46,aketi,2.7388,23.7833,34.08,24,100,0.4,CD,1674398094
47,bethel,41.3712,-73.414,2.52,73,100,0.89,US,1674398095
48,victoria point,-27.5833,153.3,23.98,80,24,2.05,AU,1674398095
49,saint-philippe,-21.3585,55.7679,26.77,86,100,2.96,RE,1674398095
50,letterkenny,54.95,-7.7333,10.94,97,100,1.89,IE,1674398096
51,castro,-24.7911,-50.0119,25.85,65,93,3.36,BR,1674398096
52,dragomiresti,44.9167,25.3333,9.36,99,100,6.66,RO,1674398097
53,kayerkan,69.3497,87.7602,-20.27,76,44,4.44,RU,1674398097
54,mataura,-46.1927,168.8643,8.94,80,97,0.71,NZ,1674398098
55,port alfred,-33.5906,26.891,21.21,95,97,1.79,ZA,1674398098
56,kapaa,22.0752,-159.319,21.18,94,100,2.57,US,1674398099
57,bozhou,33.8772,115.7703,4.53,74,17,1.8,CN,1674398099
58,birin,26.8865,88.0718,7.6,66,0,2.28,NP,1674398099
59,mandan,46.8267,-100.8896,-13.44,87,0,1.54,US,1674398100
60,simao,22.7886,100.9748,11.43,44,93,0.95,CN,1674398100
61,teahupoo,-17.8333,-149.2667,21.98,71,100,2.52,PF,1674398100
62,bengkulu,-3.8004,102.2655,23.58,95,100,2.1,ID,1674398101
63,tautira,-17.7333,-149.15,26.21,70,100,2.59,PF,1674398101
64,hobyo,5.3505,48.5268,25.46,74,97,9.86,SO,1674398102
65,hovd,48.0056,91.6419,-20.67,64,0,0.19,MN,1674398102
66,presidente venceslau,-21.8761,-51.8439,30.76,52,1,3.04,BR,1674397820
67,taree,-31.9,152.4667,18.92,98,99,1.12,AU,1674398103
68,nikolskoye,59.7035,30.7861,-3.06,97,49,1.79,RU,1674398103
69,luderitz,-26.6481,15.1594,23.38,61,0,12.05,NA,1674398104
70,belmonte,-15.8631,-38.8828,27.74,79,100,5.06,BR,1674398104
71,syracuse,37.0881,15.2792,8.65,66,100,5.59,IT,1674398105
72,le pradet,43.1066,6.0172,10.21,38,0,2.57,FR,1674398105
73,esso,55.9333,158.7,-26.45,65,0,2.54,RU,1674398106
74,rehti,22.7333,77.4333,20.74,45,0,2.15,IN,1674398106
75,gat,31.61,34.7642,18.78,100,0,2.34,IL,1674398045
76,airai,-8.9266,125.4092,16.37,94,100,0.52,TL,1674398107
77,karlskrona,56.1616,15.5866,1.25,80,12,5.14,SE,1674398107
78,barrow,71.2906,-156.7887,-17.99,78,100,4.12,US,1674398108
79,palafrugell,41.9174,3.1631,9.64,23,13,7.6,ES,1674398108
80,muros,42.7762,-9.0603,13.24,45,99,3.25,ES,1674398109
81,thompson,55.7435,-97.8558,-13.91,85,100,1.54,CA,1674398109
82,vaini,-21.2,-175.2,24.09,100,20,1.03,TO,1674398109
83,hobart,-42.8794,147.3294,16.92,83,100,3.09,AU,1674398110
84,yellowknife,62.456,-114.3525,-15.71,85,0,6.69,CA,1674398111
85,manohar thana,24.24,76.8018,20.19,42,0,1.83,IN,1674398111
86,vanimo,-2.6741,141.3028,24.92,88,100,1.23,PG,1674398111
87,kerch,45.3583,36.4758,5.4,82,93,7.44,UA,1674398112
88,general roca,-39.0333,-67.5833,28.68,27,0,3.53,AR,1674398133
89,kodiak,57.79,-152.4072,1.73,93,100,10.8,US,1674398134
90,cockburn town,21.4612,-71.1419,25.18,76,52,8.63,TC,1674398134
91,cherskiy,68.75,161.3,-40.15,96,100,1.63,RU,1674397994
92,tuatapere,-46.1333,167.6833,10.06,69,90,1.9,NZ,1674398135
93,arraial do cabo,-22.9661,-42.0278,28.98,61,20,2.57,BR,1674398135
94,jamestown,42.097,-79.2353,-0.23,69,0,2.06,US,1674398136
95,tura,25.5198,90.2201,15.07,45,0,1.98,IN,1674398136
96,husavik,66.0449,-17.3389,-3.8,71,33,15.03,IS,1674398136
97,filadelfia,39.9523,-75.1638,2.84,75,100,2.06,US,1674398131
98,jinxiang,27.4327,120.6062,13.06,90,100,4.09,CN,1674398137
99,kulhudhuffushi,6.6221,73.07,26.69,74,80,5.32,MV,1674398137
100,ilulissat,69.2167,-51.1,-18.99,55,40,2.57,GL,1674398138
101,ust-nera,64.5667,143.2,-36.3,100,100,0.69,RU,1674397937
102,kirksville,40.1948,-92.5833,-0.53,99,100,2.06,US,1674397857
103,bathsheba,13.2167,-59.5167,28.34,74,40,11.32,BB,1674398139
104,ibia,-19.4783,-46.5389,25.51,81,100,3.53,BR,1674398139
105,zabol,32.25,67.25,-1.92,74,8,5.19,AF,1674398140
106,bambous virieux,-20.3428,57.7575,27.14,78,75,4.63,MU,1674398140
107,ribeira grande,38.5167,-28.7,17.22,67,40,8.23,PT,1674398141
108,gamba,-2.65,10.0,27.29,75,83,3.21,GA,1674398141
109,alta floresta,-9.8756,-56.0861,23.34,92,100,1.15,BR,1674398141
110,bredasdorp,-34.5322,20.0403,23.98,54,72,6.09,ZA,1674398128
111,qaanaaq,77.484,-69.3632,-33.69,73,93,2.97,GL,1674398142
112,roblin,51.23,-101.3565,-6.34,100,100,2.66,CA,1674397912
113,east london,-33.0153,27.9116,24.52,88,100,7.2,ZA,1674398143
114,llata,-9.4167,-76.7833,13.95,74,100,2.4,PE,1674398143
115,khatanga,71.9667,102.5,-38.43,86,28,1.22,RU,1674398144
116,maniitsoq,65.4167,-52.9,-4.14,85,100,10.3,GL,1674398144
117,yakeshi,49.2833,120.7333,-45.17,100,89,1.55,CN,1674398145
118,reconquista,-29.15,-59.65,34.43,25,0,3.45,AR,1674397813
119,torbay,47.6666,-52.7314,-0.79,93,100,12.35,CA,1674398138
120,lebu,-37.6167,-73.65,18.74,72,1,5.68,CL,1674398145
121,shelburne,44.0787,-80.2041,-2.09,96,100,1.76,CA,1674398146
122,itarema,-2.9248,-39.9167,30.13,60,72,5.6,BR,1674398147
123,bontang,0.1333,117.5,26.63,78,100,2.41,ID,1674398012
124,mahibadhoo,3.7833,72.9667,26.98,72,53,5.81,MV,1674398147
125,port lincoln,-34.7333,135.8667,16.5,81,16,6.25,AU,1674398147
126,ust-maya,60.4167,134.5333,-48.87,100,100,0.11,RU,1674398148
127,san pedro,14.35,121.0167,26.57,78,75,2.06,PH,1674398110
128,tiksi,71.6872,128.8694,-28.28,89,100,1.94,RU,1674398148
129,klaksvik,62.2266,-6.589,6.51,67,72,12.65,FO,1674398149
130,pisco,-13.7,-76.2167,23.34,78,0,2.57,PE,1674398108
131,sindou,10.6667,-5.1667,37.05,9,13,2.39,BF,1674398149
132,sinnamary,5.3833,-52.95,26.63,80,99,7.13,GF,1674398150
133,doha,25.2867,51.5333,21.17,64,0,2.06,QA,1674397888
134,avera,33.194,-82.5271,6.32,98,100,4.98,US,1674398151
135,aleksandrovsk-sakhalinskiy,50.8975,142.1561,-26.94,99,75,0.26,RU,1674397997
136,cabrera,19.6426,-69.9049,21.96,74,9,5.09,DO,1674398151
137,hambantota,6.1241,81.1185,24.19,100,40,3.09,LK,1674398151
138,gold coast,-28.0,153.4333,23.43,92,40,1.54,AU,1674397934
139,padang,-0.9492,100.3543,25.03,88,98,1.21,ID,1674398152
140,tigil,57.8,158.6667,-32.77,100,66,1.9,RU,1674397994
141,vila,42.0304,-8.1588,7.49,59,82,2.14,PT,1674398153
142,bilma,18.6853,12.9164,28.05,8,1,2.03,NE,1674398153
143,mar del plata,-38.0023,-57.5575,28.79,55,20,7.6,AR,1674397942
144,gagarin,55.5529,34.9954,-0.91,91,100,1.97,RU,1674398154
145,chokurdakh,70.6333,147.9167,-40.99,99,82,3.27,RU,1674398154
146,mountain home,43.133,-115.6912,-7.14,94,100,2.57,US,1674398154
147,lyubashivka,47.8372,30.2598,4.83,68,10,3.27,UA,1674398155
148,alofi,-19.0595,-169.9187,23.94,100,50,2.06,NU,1674398155
149,upernavik,72.7868,-56.1549,-31.72,66,96,3.36,GL,1674398156
150,chaman,30.9236,66.4512,2.65,60,5,0.99,PK,1674398156
151,comrat,46.3003,28.6572,8.0,62,99,4.14,MD,1674398156
152,tasiilaq,65.6145,-37.6368,-13.91,52,13,7.37,GL,1674398157
153,buchanan,5.8808,-10.0467,29.62,64,53,4.71,LR,1674398158
154,marzuq,14.4,46.4667,20.69,41,59,2.08,YE,1674398158
155,narva-joesuu,59.4589,28.0408,-2.16,79,100,3.2,EE,1674398159
156,tarnogskiy gorodok,60.4997,43.5761,-3.3,98,100,1.66,RU,1674398159
157,kilindoni,-7.9139,39.6668,27.4,77,100,6.26,TZ,1674398159
158,provideniya,64.3833,-173.3,-25.99,88,100,6.72,RU,1674398160
159,sao filipe,14.8961,-24.4956,21.23,65,8,6.78,CV,1674398160
160,koygorodok,60.445,50.9968,-3.71,94,99,1.24,RU,1674398161
161,port hardy,50.6996,-127.4199,3.1,93,40,2.06,CA,1674398161
162,zhigalovo,54.8097,105.1578,-44.62,100,51,0.34,RU,1674398161
163,channel-port aux basques,47.5702,-59.1367,-1.19,69,49,6.94,CA,1674398162
164,fairbanks,64.8378,-147.7164,-25.81,75,0,1.54,US,1674398162
165,bagan,54.1001,77.6646,-9.23,90,100,6.82,RU,1674398163
166,minsk,53.9,27.5667,-0.14,94,54,2.05,BY,1674398163
167,pevek,69.7008,170.3133,-38.31,98,93,0.66,RU,1674398164
168,waingapu,-9.6567,120.2641,25.35,77,100,1.65,ID,1674398164
169,potenza,40.6443,15.8086,1.39,100,100,1.4,IT,1674398165
170,dalbandin,28.8947,64.4101,6.91,32,0,2.27,PK,1674398165
171,nicoya,10.1483,-85.452,27.51,58,6,1.91,CR,1674398166
172,williamsport,41.2412,-77.0011,2.44,66,75,3.6,US,1674398161
173,makakilo city,21.3469,-158.0858,21.18,85,40,1.54,US,1674398166
174,victoria,22.2855,114.1577,21.64,86,64,3.58,HK,1674398167
175,kapit,2.0167,112.9333,23.2,99,91,0.55,MY,1674398167
176,half moon bay,37.4636,-122.4286,9.67,92,40,2.57,US,1674398150
177,udaipura,23.0833,78.5,22.29,44,73,2.36,IN,1674398168
178,sitka,57.0531,-135.33,3.94,75,100,5.66,US,1674398168
179,plettenberg bay,-34.0527,23.3716,21.93,80,44,2.89,ZA,1674398055
180,pandan,14.0453,124.1694,24.47,90,100,5.56,PH,1674398169
181,tateyama,34.9833,139.8667,7.28,79,100,4.31,JP,1674398169
182,butaritari,3.0707,172.7902,26.98,75,78,6.57,KI,1674398170
183,lavrentiya,65.5833,-171.0,-29.98,94,51,3.3,RU,1674398170
184,garwolin,51.8975,21.6147,1.58,93,99,3.13,PL,1674398170
185,carnarvon,-24.8667,113.6333,24.18,78,4,8.95,AU,1674398171
186,clyde river,70.4692,-68.5914,-31.87,75,100,10.8,CA,1674397995
187,alice springs,-23.7,133.8833,22.75,33,0,2.06,AU,1674398112
188,linhares,-19.3911,-40.0722,29.21,68,98,2.78,BR,1674398172
189,mandalgarh,25.2,75.1,15.04,37,0,0.13,IN,1674398172
190,taga,46.95,24.05,7.18,93,100,1.4,RO,1674398173
191,cabo san lucas,22.8909,-109.9124,15.34,59,0,0.73,MX,1674398067
192,san quintin,30.4833,-115.95,10.78,56,0,0.51,MX,1674398173
193,uusikaupunki,60.8004,21.4084,0.08,86,100,4.61,FI,1674398174
194,moerai,-22.4333,-151.3333,24.81,77,100,6.94,PF,1674398174
195,den helder,52.9599,4.7593,2.99,82,100,5.81,NL,1674397979
196,cabatuan,10.8794,122.486,23.36,89,100,4.69,PH,1674398175
197,namibe,-15.1961,12.1522,24.32,73,97,4.68,AO,1674398175
198,mahebourg,-20.4081,57.7,27.16,78,75,4.63,MU,1674398176
199,andilamena,-17.0167,48.5833,18.63,92,100,6.25,MG,1674398176
200,san patricio,28.017,-97.5169,13.92,37,0,5.06,US,1674398176
201,susanville,40.4163,-120.653,-3.09,74,0,2.57,US,1674398177
202,walvis bay,-22.9575,14.5053,21.99,67,47,6.2,NA,1674398177
203,neepawa,50.2289,-99.4664,-16.78,93,52,3.8,CA,1674398178
204,kitui,-1.367,38.0106,24.78,51,100,4.81,KE,1674398179
205,zhangjiakou,40.81,114.8794,-7.83,58,92,3.82,CN,1674398076
206,nizhniy tsasuchey,50.5167,115.1333,-27.69,76,98,6.22,RU,1674398179
207,saldanha,-33.0117,17.9442,26.03,74,21,9.11,ZA,1674398179
208,puerto baquerizo moreno,-0.9,-89.6,25.55,83,40,4.12,EC,1674398180
209,orocue,4.7912,-71.3354,29.07,49,100,6.06,CO,1674398180
210,wilmington,34.2257,-77.9447,15.48,100,100,4.63,US,1674398134
211,el sauzal,31.9,-116.6833,9.84,47,0,1.06,MX,1674398181
212,hermanus,-34.4187,19.2345,23.78,65,24,6.17,ZA,1674398181
213,bayir,37.2687,28.2167,12.29,72,24,1.69,TR,1674398182
214,alunu,45.0167,23.8167,7.42,91,100,5.08,RO,1674398182
215,shar,49.5886,81.0453,-23.19,83,64,3.88,KZ,1674398183
216,huron,41.1501,-82.5499,-0.17,89,100,3.16,US,1674398183
217,mahajanga,-15.7167,46.3167,27.01,83,75,8.75,MG,1674398184
218,smolenka,52.1352,113.4974,-28.96,57,92,3.0,RU,1674398184
219,keti bandar,24.1447,67.4497,19.47,44,0,4.56,PK,1674398185
220,wanning,18.8003,110.3967,21.62,94,84,2.51,CN,1674398185
221,ponta do sol,32.6667,-17.1,20.07,46,10,3.15,PT,1674398185
222,nalut,30.3333,10.85,15.08,38,20,7.71,LY,1674398186
223,faya,18.3851,42.4509,17.06,57,5,2.62,SA,1674398186
224,namatanai,-3.6667,152.4333,26.08,85,100,3.08,PG,1674398187
225,cortes,41.9395,-1.4396,8.03,32,0,13.7,ES,1674398187
226,buraydah,26.326,43.975,21.25,41,85,2.87,SA,1674398188
227,malaryta,51.7905,24.074,1.86,96,100,4.84,BY,1674398189
228,kurilsk,45.2333,147.8833,-9.79,74,100,12.57,RU,1674398189
229,cotonou,6.3654,2.4183,29.99,79,40,5.14,BJ,1674398189
230,lorengau,-2.0226,147.2712,26.75,83,100,3.99,PG,1674398190
231,georgetown,5.4112,100.3354,25.96,94,20,0.0,MY,1674397928
232,gigmoto,13.7796,124.39,24.72,90,100,4.94,PH,1674398191
233,bilibino,68.0546,166.4372,-28.52,89,100,1.61,RU,1674397940
234,concepcion del oro,24.6333,-101.4167,7.46,26,0,2.3,MX,1674398191
235,alyangula,-13.8483,136.4192,28.08,79,100,7.57,AU,1674398192
236,iskateley,67.6803,53.1512,-8.9,96,76,4.49,RU,1674398192
237,nouadhibou,20.931,-17.0347,25.99,14,0,8.23,MR,1674398193
238,makinsk,52.6292,70.4169,-10.45,75,50,4.84,KZ,1674398193
239,yongan,39.6957,113.6871,-9.98,72,100,3.72,CN,1674398194
240,tuktoyaktuk,69.4541,-133.0374,-15.0,85,100,1.54,CA,1674398194
241,quatre cocos,-20.2078,57.7625,27.06,80,100,3.53,MU,1674398194
242,odweyne,9.4092,45.064,23.37,39,96,5.74,SO,1674398195
243,anadyr,64.75,177.4833,-19.72,50,100,3.0,RU,1674398195
244,mount isa,-20.7333,139.5,23.87,41,32,0.0,AU,1674398196
245,harer,9.3094,42.1258,19.83,40,27,5.55,ET,1674398196
246,lokosovo,61.1333,74.8167,-10.98,97,91,3.02,RU,1674398197
247,gobabis,-22.45,18.9667,30.55,25,54,2.37,NA,1674398197
248,baykit,61.67,96.37,-36.39,100,100,1.16,RU,1674397936
249,farafangana,-22.8167,47.8333,23.72,93,100,10.43,MG,1674398198
250,winneba,5.3511,-0.6231,29.46,68,81,7.29,GH,1674398198
251,springbok,-29.6643,17.8865,30.5,23,1,7.89,ZA,1674398199
252,turukhansk,65.8167,87.9833,-21.87,94,100,8.74,RU,1674398199
253,victor harbor,-35.5667,138.6167,17.22,86,4,4.43,AU,1674398200
254,hithadhoo,-0.6,73.0833,27.42,76,13,5.66,MV,1674398200
255,calvinia,-31.4707,19.776,30.17,18,0,7.8,ZA,1674398200
256,tieli,46.95,128.05,-36.0,98,23,0.51,CN,1674398201
257,clonakilty,51.6231,-8.8706,9.56,98,100,5.41,IE,1674398201
258,saskylakh,71.9167,114.0833,-36.62,89,97,1.26,RU,1674398202
259,henties bay,-22.116,14.2845,20.16,78,53,5.41,NA,1674398202
260,verkhniye kigi,55.4083,58.6044,-8.7,81,100,4.03,RU,1674398203
261,constitucion,-35.3333,-72.4167,22.17,53,0,4.54,CL,1674398203
262,ostrovnoy,68.0531,39.5131,-3.5,86,100,9.92,RU,1674398203
263,wattegama,6.7989,81.4808,21.84,95,100,2.19,LK,1674398204
264,broken hill,-31.95,141.4333,23.4,40,6,5.7,AU,1674398204
265,brooks,50.5834,-111.8851,1.79,80,100,4.63,CA,1674398205
266,kindu,-2.95,25.95,30.43,54,15,1.24,CD,1674398205
267,vostok,46.4856,135.8833,-32.69,99,39,1.91,RU,1674398206
268,acarau,-2.8856,-40.12,29.77,62,69,5.78,BR,1674398206
269,port elizabeth,-33.918,25.5701,24.16,81,40,5.14,ZA,1674397911
270,olafsvik,64.8945,-23.7142,-0.93,57,100,19.58,IS,1674398207
271,oskemen,49.9565,82.6119,-30.02,75,75,0.0,KZ,1674398207
272,port shepstone,-30.7414,30.455,25.85,89,100,7.43,ZA,1674398208
273,santa rosa,14.3122,121.1114,26.99,81,84,4.97,PH,1674398208
274,zhigansk,66.7697,123.3711,-39.33,96,100,2.72,RU,1674398209
275,kruisfontein,-34.0033,24.7314,25.28,55,14,4.29,ZA,1674398210
276,darhan,49.4867,105.9228,-35.84,95,19,1.33,MN,1674398210
277,aklavik,68.2191,-135.0107,-20.27,98,100,4.91,CA,1674398210
278,puro,12.4841,123.3827,24.45,87,100,4.87,PH,1674398211
279,port keats,-14.25,129.55,26.9,81,88,2.14,AU,1674398211
280,neiafu,-18.65,-173.9833,25.38,94,20,0.0,TO,1674398212
281,sur,22.5667,59.5289,20.0,52,17,5.76,OM,1674398212
282,aurad,18.25,77.4333,22.93,29,3,3.08,IN,1674398213
283,beringovskiy,63.05,179.3167,-19.33,90,100,5.05,RU,1674398213
284,waipawa,-41.4122,175.5153,13.69,86,96,4.34,NZ,1674398213
285,tilichiki,60.4667,166.1,-7.95,77,100,19.2,RU,1674397994
286,hami,42.8,93.45,-11.26,27,0,5.9,CN,1674398214
287,rosetta,31.4044,30.4164,17.31,65,0,5.12,EG,1674398214
288,guapi,2.5708,-77.8854,27.06,76,36,1.73,CO,1674398215
289,paso de carrasco,-34.8603,-56.0522,29.25,46,20,5.66,UY,1674398215
290,jiangyou,31.7667,104.7167,7.16,64,98,1.1,CN,1674398216
291,praia da vitoria,38.7333,-27.0667,16.53,77,75,6.97,PT,1674398216
292,rafai,4.95,23.9167,35.28,13,100,1.91,CF,1674398217
293,conneaut,41.9476,-80.5542,0.81,87,100,1.19,US,1674398217
294,awbari,26.5921,12.7805,20.58,14,0,3.98,LY,1674398218
295,the valley,18.217,-63.0578,27.28,65,20,7.2,AI,1674398218
296,senanga,-16.1167,23.2667,20.09,92,100,2.35,ZM,1674398219
297,krasnoturansk,54.3186,91.5639,-36.38,98,46,1.89,RU,1674398219
298,dongsheng,39.8161,109.9776,-12.74,47,100,8.82,CN,1674398219
299,auki,-8.7676,160.7034,25.01,86,100,1.74,SB,1674398220
300,yenagoa,4.9247,6.2642,35.01,34,68,3.26,NG,1674398220
301,piqua,40.1448,-84.2424,-0.21,97,100,3.0,US,1674398053
302,almaty,43.25,76.95,-16.05,78,61,3.0,KZ,1674398146
303,vinh long,10.25,105.9667,24.99,89,98,2.17,VN,1674397944
304,kloulklubed,7.0419,134.2556,23.28,82,100,10.36,PW,1674398222
305,amahai,-3.3333,128.9167,25.64,86,100,1.63,ID,1674398222
306,saint george,37.1041,-113.5841,-1.67,59,0,1.54,US,1674398222
307,kemijarvi,66.7131,27.4306,-4.2,91,58,4.9,FI,1674398223
308,copiapo,-27.3667,-70.3333,18.83,42,0,3.1,CL,1674398223
309,ovsyanka,55.9575,92.5519,-36.46,93,100,2.32,RU,1674398224
310,kholodnyy,62.7167,147.95,-31.57,98,100,2.54,RU,1674398224
311,ucluelet,48.9329,-125.5528,1.16,92,74,2.0,CA,1674398225
312,eyl,7.9803,49.8164,24.76,65,97,9.62,SO,1674398225
313,mahuta,-10.8667,39.45,23.42,83,99,0.42,TZ,1674398225
314,saint-pierre,-21.3393,55.4781,26.82,83,100,6.69,RE,1674398226
315,susaki,33.3667,133.2833,6.86,95,100,2.85,JP,1674398226
316,hirara,24.8,125.2833,21.7,81,99,4.46,JP,1674398227
317,tondano,1.3038,124.9112,21.05,93,100,0.61,ID,1674398227
318,hoi an,15.8794,108.335,22.98,93,44,0.89,VN,1674398106
319,hualmay,-11.0964,-77.6139,23.35,74,19,2.85,PE,1674398228
320,carutapera,-1.195,-46.02,27.13,85,63,3.81,BR,1674398228
321,rocha,-34.4833,-54.3333,32.26,29,0,7.57,UY,1674398228
322,isangel,-19.55,169.2667,26.54,83,100,1.68,VU,1674398229
323,caravelas,-17.7125,-39.2481,28.99,66,94,3.58,BR,1674398229
324,yumen,40.2833,97.2,-12.81,48,74,7.74,CN,1674398230
325,marienburg,54.0359,19.0266,2.8,78,97,3.48,PL,1674398230
326,lahat,-3.8,103.5333,22.58,98,100,1.12,ID,1674398230
327,beidao,34.5686,105.8933,0.75,53,89,2.27,CN,1674398231
328,kusa,55.3383,59.4406,-6.78,77,100,4.22,RU,1674398231
329,salalah,17.0151,54.0924,25.05,57,40,5.14,OM,1674398232
330,erzin,36.9559,36.2,13.27,57,0,1.73,TR,1674398232
331,samarai,-10.6167,150.6667,27.64,79,96,3.6,PG,1674398233
332,moron,-34.6534,-58.6198,31.64,40,0,2.77,AR,1674398233
333,tual,-5.6667,132.75,27.71,76,100,6.49,ID,1674398233
334,esmeraldas,-19.7625,-44.3139,24.58,80,96,3.92,BR,1674398014
335,socorro,31.6546,-106.3033,2.49,63,0,2.06,US,1674398222
336,faanui,-16.4833,-151.75,26.51,71,97,2.79,PF,1674398234
337,atar,20.5169,-13.0499,28.56,12,3,5.06,MR,1674398235
338,seoul,37.5683,126.9778,-0.31,77,0,1.03,KR,1674397894
339,ullapool,57.8987,-5.1604,5.35,98,100,2.78,GB,1674398235
340,bulnes,-36.7423,-72.2985,22.42,27,0,5.51,CL,1674398236
341,ancud,-41.8697,-73.8203,16.17,91,69,1.58,CL,1674398236
342,envira,-7.3,-70.2167,25.54,87,94,1.26,BR,1674398236
343,turayf,31.6725,38.6637,15.14,51,0,7.2,SA,1674398237
344,port macquarie,-31.4333,152.9167,19.38,93,21,1.47,AU,1674398237
345,havre-saint-pierre,50.2334,-63.5986,-8.0,66,0,0.0,CA,1674398238
346,udachnyy,66.4167,112.4,-35.13,89,100,1.5,RU,1674398238
347,athabasca,54.7169,-113.2854,1.23,90,100,6.41,CA,1674398239
348,sabang,5.8933,95.3214,27.15,76,100,5.53,ID,1674398239
349,komsomolskiy,40.4272,71.7189,-3.6,74,100,1.03,UZ,1674398240
350,kaeo,-35.1,173.7833,17.4,93,21,1.83,NZ,1674398241
351,sioux lookout,50.1001,-91.917,-7.96,93,100,2.06,CA,1674398241
352,san cristobal,7.7669,-72.225,20.1,43,97,3.45,VE,1674398221
353,gambo,4.6482,22.2633,35.2,14,100,1.88,CF,1674398242
354,esperance,-33.8667,121.9,18.61,65,5,6.73,AU,1674398243
355,naze,28.3667,129.4833,18.51,87,90,10.33,JP,1674398243
356,bara,10.3744,10.7288,34.88,9,46,2.97,NG,1674398166
357,whitehaven,54.549,-3.5841,6.59,100,100,3.58,GB,1674398244
358,belaya gora,68.5333,146.4167,-42.62,100,100,1.52,RU,1674398244
359,kasongo,-4.45,26.6667,26.45,71,18,2.41,CD,1674398245
360,shakhty,47.7091,40.2144,1.79,65,93,6.67,RU,1674398245
361,remanso,-9.6179,-42.0831,30.44,50,93,1.04,BR,1674398245
362,mantua,45.1667,10.7833,9.34,62,99,4.47,IT,1674398246
363,la ronge,55.1001,-105.2842,-0.86,93,100,3.09,CA,1674398246
364,dandong,40.1292,124.3947,-8.01,83,32,2.99,CN,1674398247
365,hamilton,39.1834,-84.5333,0.22,93,100,1.54,US,1674398178
366,sobolevo,54.4299,31.8996,0.41,95,100,2.48,RU,1674398247
367,nanortalik,60.1432,-45.2371,-5.66,58,5,5.25,GL,1674398248
368,thaton,16.9206,97.3714,22.53,42,81,0.97,MM,1674398248
369,nara,34.6851,135.8049,5.62,50,100,1.03,JP,1674398249
370,palu,-0.8917,119.8707,24.3,95,99,0.28,ID,1674398249
371,ulaanbaatar,47.9077,106.8832,-31.93,51,0,4.0,MN,1674398249
372,panguna,-6.3164,155.4848,20.18,95,100,1.07,PG,1674398250
373,dingle,10.9995,122.6711,23.67,89,100,3.83,PH,1674398250
374,laguna,38.421,-121.4238,4.88,92,0,3.09,US,1674397964
375,guerrero negro,27.9769,-114.0611,10.62,47,0,1.02,MX,1674398251
376,palmer,42.1584,-72.3287,0.9,74,100,0.0,US,1674398214
377,ola,59.5833,151.2833,-25.45,91,90,3.77,RU,1674398252
378,krasnoselkup,65.7,82.4667,-20.04,96,100,6.15,RU,1674398252
379,fare,-16.7,-151.0167,26.27,73,100,3.16,PF,1674398252
380,richards bay,-28.783,32.0377,30.5,53,3,6.63,ZA,1674398253
381,iisalmi,63.5592,27.1907,-9.5,95,16,2.86,FI,1674398253
382,gondanglegi,-7.7479,112.0132,24.03,90,75,2.55,ID,1674398254
383,northam,51.0333,-4.2167,7.36,75,100,4.57,GB,1674398254
384,aykhal,66.0,111.5,-31.46,82,100,2.53,RU,1674398000
385,vao,-22.6667,167.4833,25.89,87,100,10.38,NC,1674398254
386,martinsville,36.6915,-79.8725,2.47,91,100,0.0,US,1674398147
387,qasigiannguit,68.8193,-51.1922,-18.86,85,100,1.66,GL,1674398255
388,lichinga,-13.3128,35.2406,20.05,83,75,6.69,MZ,1674398255
389,cabedelo,-6.9811,-34.8339,30.37,67,20,4.35,BR,1674398256
390,hasaki,35.7333,140.8333,4.22,67,100,3.37,JP,1674398256
391,nishihara,26.1842,127.7558,20.38,91,100,6.69,JP,1674398257
392,touros,-5.1989,-35.4608,30.16,59,57,5.36,BR,1674398136
393,pyapon,16.2833,95.6833,21.77,57,98,3.16,MM,1674398257
394,sabratah,32.7933,12.4885,13.86,48,85,9.84,LY,1674398258
395,jutai,-5.1833,-68.9,29.94,60,56,1.22,BR,1674398258
396,nuuk,64.1835,-51.7216,-2.47,96,100,10.5,GL,1674398025
397,tikrit,34.6071,43.6782,14.59,42,0,1.13,IQ,1674398259
398,abonnema,4.7084,6.7931,32.16,47,45,6.87,NG,1674398259
399,batagay,67.6333,134.6333,-48.61,98,70,1.12,RU,1674398259
400,san,13.3034,-4.8956,36.1,8,4,0.57,ML,1674397931
401,florence,43.7667,11.25,7.98,79,75,3.58,IT,1674398260
402,sao joao da barra,-21.6403,-41.0511,30.05,70,14,2.88,BR,1674398261
403,araouane,18.9048,-3.5265,29.12,8,0,4.16,ML,1674398261
404,fallon,39.4735,-118.7774,-1.71,86,0,0.0,US,1674398261
405,kailua,21.4022,-157.7394,21.99,93,2,0.45,US,1674398262
406,oktyabrskiy,54.4815,53.471,-11.39,91,100,2.76,RU,1674398262
407,ulaangom,49.9811,92.0667,-29.52,73,3,2.22,MN,1674398263
408,ulladulla,-35.35,150.4667,16.87,86,98,0.65,AU,1674398263
409,tricase,39.9304,18.3553,10.64,87,100,11.94,IT,1674398263
410,eucaliptus,-17.5833,-67.5167,15.5,32,12,3.21,BO,1674398264
411,paithan,19.4833,75.3833,24.82,32,0,2.31,IN,1674398264
412,bundaberg,-24.85,152.35,21.23,94,0,0.89,AU,1674398265
413,vila do maio,15.1333,-23.2167,25.44,63,72,7.42,CV,1674398265
414,pangai,-19.8,-174.35,28.03,75,4,4.68,TO,1674398265
415,ninotsminda,41.2646,43.5916,-7.33,80,96,2.91,GE,1674398266
416,boyolangu,-8.1181,111.8935,24.37,88,57,1.25,ID,1674398266
417,dudinka,69.4058,86.1778,-19.66,90,100,6.53,RU,1674398267
418,kedrovyy,56.1667,91.8167,-37.77,88,100,2.44,RU,1674398267
419,nurota,40.5614,65.6886,-5.17,87,80,1.47,UZ,1674398267
420,whitefish,48.4111,-114.3376,-4.14,93,100,0.0,US,1674398268
421,chicama,-7.8447,-79.1469,20.3,67,91,1.8,PE,1674398268
422,batemans bay,-35.7167,150.1833,18.94,89,96,1.38,AU,1674398269
423,cayenne,4.9333,-52.3333,28.02,74,75,8.23,GF,1674398151
424,sisimiut,66.9395,-53.6735,-9.09,94,100,6.6,GL,1674398269
425,nemuro,43.3236,145.575,-7.14,63,57,11.19,JP,1674398270
426,burayevo,55.8407,55.4083,-9.49,93,100,2.89,RU,1674398270
427,rio gallegos,-51.6226,-69.2181,14.03,35,20,4.12,AR,1674398271
428,katsuura,35.1333,140.3,7.71,87,100,5.18,JP,1674398271
429,homer,59.6425,-151.5483,-2.06,86,0,1.54,US,1674398272
430,saint-augustin,51.226,-58.6502,-7.37,64,58,2.58,CA,1674398272
431,ponte nova,-20.4164,-42.9086,27.37,73,74,2.01,BR,1674398273
432,pasighat,28.0667,95.3333,15.4,47,1,1.87,IN,1674398273
433,vanavara,60.34,102.2797,-44.33,100,77,1.68,RU,1674398273
434,thunder bay,48.4001,-89.3168,-12.57,97,54,2.26,CA,1674398053
435,kharp,66.8014,65.8081,-11.3,90,72,3.86,RU,1674397992
436,te anau,-45.4167,167.7167,9.86,80,98,1.43,NZ,1674398274
437,narasaraopet,16.25,80.0667,21.16,82,28,2.78,IN,1674398275
438,dali,25.7,100.1833,6.82,52,5,2.67,CN,1674398275
439,severo-kurilsk,50.6789,156.125,-9.45,74,100,4.12,RU,1674397702
440,takoradi,4.8845,-1.7554,29.53,65,49,6.31,GH,1674398001
441,mogadishu,2.0371,45.3438,27.93,78,20,10.29,SO,1674398276
442,moose factory,51.2585,-80.6094,-8.0,86,100,2.57,CA,1674398276
443,teya,60.3778,92.6267,-26.53,92,100,2.05,RU,1674398277
444,kysyl-syr,63.8986,122.7617,-37.58,99,100,1.53,RU,1674398277
445,gijon,43.5357,-5.6615,11.56,64,100,2.24,ES,1674398277
446,capinopolis,-18.6819,-49.5697,27.12,69,83,4.88,BR,1674398278
447,manta,-0.95,-80.7333,26.88,69,75,2.06,EC,1674398278
448,rawson,-43.3002,-65.1023,19.08,69,44,9.3,AR,1674398279
449,codrington,-38.2667,141.9667,14.86,96,14,3.15,AU,1674398279
450,iracemapolis,-22.5806,-47.5186,26.57,67,100,3.44,BR,1674398279
451,madisonville,37.3281,-87.4989,2.34,98,100,0.36,US,1674398040
452,corinto,37.9407,22.9573,16.61,70,71,3.09,GR,1674398280
453,viransehir,37.2353,39.7631,10.35,45,91,1.89,TR,1674398281
454,vestmannaeyjar,63.4427,-20.2734,2.55,60,40,19.03,IS,1674398281
455,waitati,-45.75,170.5667,12.11,77,87,2.35,NZ,1674398281
456,haines junction,60.7522,-137.5108,-9.8,99,100,0.88,CA,1674398282
457,wanxian,30.8039,108.3897,7.8,75,75,0.68,CN,1674398282
458,nelson,-41.2833,173.2833,15.01,76,79,0.86,NZ,1674398283
459,tynda,55.1667,124.7167,-38.64,95,100,1.69,RU,1674398283
460,mehamn,71.0357,27.8492,4.97,70,100,4.63,NO,1674398283
461,pimentel,-6.8367,-79.9342,26.16,61,0,0.51,PE,1674398284
462,zhengjiatun,43.5064,123.5064,-18.37,54,100,5.46,CN,1674398284
463,bonavista,48.6499,-53.1147,-0.72,82,100,11.81,CA,1674398285
464,bull savanna,17.8868,-77.5902,25.82,62,15,7.66,JM,1674398285
465,taywarah,33.35,64.4167,-15.45,84,3,2.05,AF,1674398286
466,hatillo,18.4863,-66.8254,28.81,71,12,4.92,PR,1674398286
467,jumla,29.2747,82.1838,0.49,49,3,2.92,NP,1674398286
468,gimli,50.6336,-96.9907,-16.99,85,100,1.03,CA,1674398287
469,kuytun,54.3419,101.5036,-43.21,100,37,1.3,RU,1674398287
470,ekuvukeni,-28.4675,30.1551,31.98,18,1,5.08,ZA,1674398288
471,acaponeta,22.4964,-105.3594,19.09,50,0,1.05,MX,1674398288
472,jaffna,9.6685,80.0074,25.04,79,100,5.61,LK,1674398289
473,sindor,62.8629,51.8905,-17.53,100,78,1.88,RU,1674398289
474,jieshi,22.8134,115.8257,18.44,88,12,3.67,CN,1674398289
475,gondar,12.6,37.4667,21.34,27,54,5.21,ET,1674398290
476,poum,-20.2333,164.0167,26.51,83,98,3.69,NC,1674398290
477,flin flon,54.7682,-101.865,-9.09,92,100,3.09,CA,1674398291
478,burns lake,54.2331,-125.7533,-18.32,100,100,0.92,CA,1674398291
479,college,64.8569,-147.8028,-25.82,75,0,1.54,US,1674398291
480,arlit,18.7369,7.3853,30.65,7,3,1.95,NE,1674398292
481,sao sebastiao,-23.76,-45.4097,30.42,57,81,2.23,BR,1674397967
482,coihaique,-45.5752,-72.0662,17.34,42,20,2.57,CL,1674398292
483,guayaramerin,-10.8368,-65.3614,28.03,78,0,2.57,BO,1674398293
484,kaihua,23.3687,104.28,9.4,90,6,2.56,CN,1674398293
485,menongue,-14.6585,17.691,20.3,79,100,3.72,AO,1674398294
486,kushnarenkovo,55.105,55.3508,-11.0,92,100,2.67,RU,1674398294
487,inongo,-1.95,18.2667,27.13,65,75,1.32,CD,1674398295
488,el viso del alcor,37.3911,-5.7199,12.88,26,0,5.14,ES,1674398295
489,fuxin,42.0156,121.6589,-16.45,60,43,4.59,CN,1674398295
490,kavaratti,10.5669,72.642,27.21,67,100,5.68,IN,1674397699
491,goba,7.0167,39.9833,16.08,44,96,2.81,ET,1674398296
492,baherden,38.4362,57.4316,-0.34,55,9,1.09,TM,1674398296
493,konnur,16.2,74.75,23.68,33,12,3.72,IN,1674398297
494,iqaluit,63.7506,-68.5145,-12.15,92,100,3.6,CA,1674398004
495,pahrump,36.2083,-115.9839,2.03,59,97,3.13,US,1674398140
496,tankara,22.6667,70.7333,18.48,32,6,3.71,IN,1674398298
497,talpa,28.8257,-111.6257,9.85,40,0,3.19,MX,1674398298
498,bayburt,40.2589,40.2278,-2.19,79,0,1.69,TR,1674398298
499,pangody,65.85,74.4859,-16.45,97,100,1.56,RU,1674398299
500,coquimbo,-29.9533,-71.3436,18.85,77,75,3.09,CL,1674398299
501,torbat-e jam,35.244,60.6225,-0.77,48,5,1.63,IR,1674398300
502,luwuk,-0.9516,122.7875,24.94,88,100,1.93,ID,1674398300
503,cairns,-16.9167,145.7667,25.97,91,100,3.6,AU,1674398300
504,halifax,44.6453,-63.5724,-2.53,85,20,3.6,CA,1674398030
505,tahe,52.3333,124.7333,-35.71,96,99,1.82,CN,1674398301
506,manaus,-3.1019,-60.025,29.28,74,40,2.57,BR,1674397923
507,turinsk,58.0458,63.696,-6.46,95,100,4.48,RU,1674398302
508,dawei,14.0833,98.2,21.16,83,53,1.52,MM,1674398302
509,urubicha,-15.3833,-62.95,32.06,45,5,3.31,BO,1674398303
510,mayo,38.8876,-76.5119,3.97,75,0,5.14,US,1674398303
511,ciudad bolivar,8.1222,-63.5497,26.76,65,95,5.45,VE,1674398303
512,kota,25.1833,75.8333,17.29,49,0,0.22,IN,1674398304
513,vila velha,-20.3297,-40.2925,30.97,62,75,4.12,BR,1674398304
514,guangyuan,32.442,105.823,6.57,67,98,0.22,CN,1674398305
515,antofagasta,-23.65,-70.4,21.6,69,48,3.92,CL,1674397951
516,khasan,42.4308,130.6434,-9.21,92,100,3.25,RU,1674398305
517,jalu,29.0331,21.5482,17.79,27,2,3.08,LY,1674398306
518,bima,-8.4667,118.7167,24.91,92,79,1.21,ID,1674398306
519,ouallam,14.3188,2.0866,35.02,8,31,0.75,NE,1674398306
520,port blair,11.6667,92.75,27.02,74,40,3.09,IN,1674398307
521,yanam,16.7333,82.2167,21.3,80,11,2.12,IN,1674398307
522,longyearbyen,78.2186,15.6401,-0.09,69,75,4.12,SJ,1674398308
523,marilandia,-19.4128,-40.5417,28.51,71,91,2.45,BR,1674398308
524,doka,13.5167,35.7667,32.46,18,43,3.72,SD,1674398309
525,lukovetskiy,64.2956,41.9211,-10.73,96,79,2.33,RU,1674398309
526,vardo,70.3705,31.1107,1.67,83,99,10.74,NO,1674398309
527,ahipara,-35.1667,173.1667,17.34,94,11,2.63,NZ,1674398310
528,peniche,39.3558,-9.3811,15.72,55,46,3.42,PT,1674398310
529,sorland,67.667,12.6934,5.92,87,75,10.8,NO,1674398310
530,kodinsk,58.6881,99.1844,-39.23,100,54,1.86,RU,1674398311
531,chuy,-33.6971,-53.4616,31.45,33,0,3.93,UY,1674398311
532,isparta,38.0,31.0,6.06,66,6,1.31,TR,1674398312
533,ust-karsk,52.7011,118.8077,-34.93,100,98,1.04,RU,1674398312
534,fougamou,-1.2154,10.5838,30.87,61,87,0.82,GA,1674398313
535,jojoima,7.8792,-10.7878,35.83,29,99,0.31,SL,1674398313
536,pangkalanbuun,-2.6833,111.6167,23.74,95,89,1.31,ID,1674398314
537,talnakh,69.4865,88.3972,-19.89,78,67,2.67,RU,1674398314
538,nybro,56.7446,15.9071,1.45,93,24,2.16,SE,1674398314
539,surgut,61.25,73.4167,-4.9,93,75,4.0,RU,1674398089
540,yulara,-25.2406,130.9889,29.24,37,26,2.68,AU,1674398315
541,arona,28.0996,-16.681,18.29,53,40,10.8,ES,1674398316
542,devonport,-41.1667,146.35,13.94,92,19,3.08,AU,1674398316
543,west bay,19.3667,-81.4167,27.81,78,75,4.12,KY,1674398316
544,washington,47.5001,-120.5015,-2.59,89,9,2.01,US,1674398078
545,sungaipenuh,-2.0833,101.3833,18.13,98,100,0.43,ID,1674398317
546,brenham,30.1669,-96.3977,6.86,72,0,4.63,US,1674398317
547,dubasari,47.2631,29.1608,5.16,61,98,3.51,MD,1674398318
548,eisiskes,54.1667,25.0,-2.05,86,25,3.06,LT,1674398318
549,aras,42.5617,-2.356,5.23,49,20,6.17,ES,1674398319
550,galesong,-5.3166,119.3661,25.01,82,100,1.44,ID,1674398319
551,muroto,33.2833,134.15,8.85,75,100,7.32,JP,1674398319
552,ginir,7.1333,40.7,21.21,34,59,5.13,ET,1674398320
553,petauke,-14.2426,31.3253,17.97,99,100,1.61,ZM,1674398320
